USE LAB2;

CREATE TABLE Suppliers (
    `П№` CHAR(2) PRIMARY KEY,
    `Имя П` VARCHAR(50),
    `Статус` INTEGER,
    `Город` VARCHAR(50)
);

INSERT INTO Suppliers (`П№`, `Имя П`, `Статус`, `Город`)
VALUES
    ('П1', 'Петров', 20, 'Москва'),
    ('П2', 'Синицин', 10, 'Таллинн'),
    ('П3', 'Федоров', 30, 'Таллинн'),
    ('П4', 'Чаянов', 20, 'Минск'),
    ('П5', 'Крюков', 30, 'Киев');

-- Создание таблицы Детали (Parts)
CREATE TABLE Parts (
    `Д#` CHAR(2) PRIMARY KEY,
    `Имя Д` VARCHAR(50),
    `Цвет` VARCHAR(50),
    `Размер` INTEGER,
    `Город` VARCHAR(50)
);

-- Вставка данных в таблицу Детали
INSERT INTO Parts (`Д#`, `Имя Д`, `Цвет`, `Размер`, `Город`)
VALUES
    ('Д1', 'Болт', 'Красный', 12, 'Москва'),
    ('Д2', 'Гайка', 'Зеленая', 17, 'Минск'),
    ('Д3', 'Диск', 'Черный', 17, 'Вильнюс'),
    ('Д4', 'Диск', 'Черный', 14, 'Москва'),
    ('Д5', 'Корпус', 'Красный', 12, 'Минск'),
    ('Д6', 'Крышки', 'Красный', 19, 'Москва');

-- Создание таблицы Проекты (Projects)
CREATE TABLE Projects (
    `ПР#` CHAR(3) PRIMARY KEY,
    `Имя ПР` VARCHAR(50),
    `Город` VARCHAR(50)
);

-- Вставка данных в таблицу Проекты
INSERT INTO Projects (`ПР#`, `Имя ПР`, `Город`)
VALUES
    ('ПР1', 'ИПР1', 'Минск'),
    ('ПР2', 'ИПР1', 'Таллинн'),
    ('ПР3', 'ИПР3', 'Псков'),
    ('ПР4', 'ИПР4', 'Псков'),
    ('ПР5', 'ИПР4', 'Москва'),
    ('ПР6', 'ИПР6', 'Саратов'),
    ('ПР7', 'ИПР7', 'Москва');

-- Создание таблицы с данными
CREATE TABLE SupplyDetails (
    `П№` CHAR(2) REFERENCES Suppliers (`П№`),
    `Д#` CHAR(2) REFERENCES Parts (`Д#`),
    `ПР#` CHAR(3) REFERENCES Projects (`ПР#`),
    `S` INTEGER,
    PRIMARY KEY (`П№`, `Д#`, `ПР#`)
);

-- Вставка данных в таблицу
INSERT INTO SupplyDetails (`П№`, `Д#`, `ПР#`, `S`)
VALUES
    ('П1', 'Д1', 'ПР1', 200),
    ('П1', 'Д1', 'ПР2', 700),
    ('П2', 'Д3', 'ПР1', 400),
    ('П2', 'Д2', 'ПР2', 200),
    ('П2', 'Д3', 'ПР3', 200),
    ('П2', 'Д3', 'ПР4', 500),
    ('П2', 'Д3', 'ПР5', 600),
    ('П2', 'Д3', 'ПР6', 400),
    ('П2', 'Д3', 'ПР7', 800),
    ('П2', 'Д5', 'ПР2', 100),
    ('П3', 'Д3', 'ПР1', 200),
    ('П3', 'Д4', 'ПР2', 500),
    ('П4', 'Д6', 'ПР3', 300),
    ('П4', 'Д6', 'ПР7', 300),
    ('П5', 'Д2', 'ПР2', 200),
    ('П5', 'Д2', 'ПР4', 100),
    ('П5', 'Д5', 'ПР5', 500),
    ('П5', 'Д5', 'ПР7', 100),
    ('П5', 'Д6', 'ПР2', 200),
    ('П5', 'Д1', 'ПР2', 100),
    ('П5', 'Д3', 'ПР4', 200),
    ('П5', 'Д4', 'ПР4', 800),
    ('П5', 'Д5', 'ПР4', 400),
    ('П5', 'Д6', 'ПР4', 500);

select `Д#` from parts where `Город` = 'Минск';



SELECT DISTINCT P.`ПР#`
FROM Projects P
JOIN SupplyDetails SD ON P.`ПР#` = SD.`ПР#`
JOIN Suppliers S ON SD.`П№` = S.`П№`
where P.`Город` != S.`Город`;

SELECT S.`П№`, P.`Д#`
FROM Suppliers S
CROSS JOIN Parts P
WHERE NOT EXISTS (
    SELECT 1
    FROM SupplyDetails SD
    WHERE SD.`П№` = S.`П№`
    AND SD.`Д#` = P.`Д#`
);
